Query_ID	Target_ID	Optimal_offset	p-value	E-value	q-value	Overlap	Query_consensus	Target_consensus	Orientation
M0	MA0741.1	-4	7.29177e-05	0.0613238	0.0593164	11	GGGGGGGGGCCAGGCC	GGGGGCGTGGC	-
M0	MA1512.1	-4	0.000112872	0.0949252	0.0593164	11	GGGGGGGGGCCAGGCC	GTGGGCGTGGC	-
M0	MA1615.1	-1	0.000117558	0.098866	0.0593164	13	GGGGGGGGGCCAGGCC	CCCTGGGGCCAGG	+
M0	MA1564.1	-3	0.000143731	0.120878	0.0593164	12	GGGGGGGGGCCAGGCC	GGGGGGCGTGGC	-
M0	MA0746.2	-3	0.000188674	0.158675	0.0622911	13	GGGGGGGGGCCAGGCC	GGTGGGCGTGGCC	-
M0	MA0747.1	-3	0.000314943	0.264867	0.0866493	12	GGGGGGGGGCCAGGCC	AGTGGGCGTGGC	-
M0	MA1513.1	-4	0.000531351	0.446866	0.125305	11	GGGGGGGGGCCAGGCC	GGGGGCGGGGC	-
M0	MA1976.1	6	0.00073589	0.618883	0.144616	16	GGGGGGGGGCCAGGCC	AGGGGGGCCCGGGGGCCTGTGCGAGTG	+
M0	MA0471.2	-1	0.00100704	0.846922	0.144616	13	GGGGGGGGGCCAGGCC	GGGGGCGGGAAGG	+
M0	MA1517.1	-5	0.00104211	0.876419	0.144616	11	GGGGGGGGGCCAGGCC	TGGGCGTGGCC	-
M0	MA1107.2	-1	0.00107263	0.902081	0.144616	15	GGGGGGGGGCCAGGCC	GGGGTGGGTGTGGCTG	-
M0	MA0657.1	1	0.00107903	0.907461	0.144616	16	GGGGGGGGGCCAGGCC	CAAAAAGGGGCGTGGCAT	-
M0	MA1516.1	-5	0.00120476	1.0132	0.144616	11	GGGGGGGGGCCAGGCC	TGGGCGTGGTC	-
M0	MA1961.1	-3	0.0013465	1.1324	0.144616	12	GGGGGGGGGCCAGGCC	GGGGGGCGGGGG	+
M0	MA1599.1	-2	0.00138668	1.1662	0.144616	14	GGGGGGGGGCCAGGCC	ATAGGGGCTTGGCCCG	-
M0	MA1986.1	-4	0.00146405	1.23127	0.144616	10	GGGGGGGGGCCAGGCC	GGGGCCCACC	+
M0	MA0146.2	-4	0.00148929	1.2525	0.144616	12	GGGGGGGGGCCAGGCC	GGGGCCGAGGCCTG	+
M0	MA1522.1	0	0.00184503	1.55167	0.169206	11	GGGGGGGGGCCAGGCC	GGGGAGGGGCG	-
M0	MA1515.1	-5	0.00298329	2.50895	0.259195	11	GGGGGGGGGCCAGGCC	TGGGCGTGGTG	-
M0	MA0162.4	0	0.00318948	2.68235	0.263253	14	GGGGGGGGGCCAGGCC	GGGCGTGGGCGTGG	-
M0	MA1548.1	-2	0.00375846	3.16086	0.295444	10	GGGGGGGGGCCAGGCC	AGGGGGCCCA	-
M0	MA1981.1	3	0.00416405	3.50197	0.301931	15	GGGGGGGGGCCAGGCC	GAAAGGAAAGGGGCGGGA	+
M0	MA0528.2	-2	0.00439766	3.69843	0.301931	12	GGGGGGGGGCCAGGCC	GGGGGGAGGAGG	+
M0	MA1719.1	-1	0.00441455	3.71264	0.301931	15	GGGGGGGGGCCAGGCC	AAATGGGGACATGCAGGG	+
M0	MA1511.2	-5	0.00458076	3.85242	0.301931	9	GGGGGGGGGCCAGGCC	GGGGCGGGG	+
M0	MA0742.2	-5	0.00493013	4.14624	0.301931	9	GGGGGGGGGCCAGGCC	GGGGCGGGG	+
M0	MA0685.2	-5	0.00530422	4.46085	0.301931	9	GGGGGGGGGCCAGGCC	GGGGCGGGG	+
M0	MA0740.2	-5	0.00530422	4.46085	0.301931	9	GGGGGGGGGCCAGGCC	GGGGCGGGG	+
M0	MA0163.1	-4	0.00549201	4.61878	0.3022	12	GGGGGGGGGCCAGGCC	GGGGCCCAAGGGGG	+
M0	MA1649.1	-4	0.00574369	4.83044	0.305854	11	GGGGGGGGGCCAGGCC	GGGTTCCAGAT	-
M0	MA0597.2	-2	0.00637573	5.36199	0.319889	12	GGGGGGGGGCCAGGCC	GCGCAGGGCAGG	+
M0	MA0516.3	-5	0.00658861	5.54102	0.319889	9	GGGGGGGGGCCAGGCC	GGGGCGGGG	+
M0	MA1959.1	-5	0.00658861	5.54102	0.319889	9	GGGGGGGGGCCAGGCC	GGGGCGGGG	+
M0	MA0079.5	-5	0.00759198	6.38485	0.350549	9	GGGGGGGGGCCAGGCC	GGGGCGGGG	+
M0	MA0147.3	-4	0.00764481	6.42928	0.350549	12	GGGGGGGGGCCAGGCC	GGGCACGTGGCC	-
M0	MA0599.1	-5	0.00834758	7.02032	0.354024	10	GGGGGGGGGCCAGGCC	GGGGCGGGGC	-
M0	MA2002.1	-5	0.00836397	7.0341	0.354024	11	GGGGGGGGGCCAGGCC	AGTGCCTGATC	-
M0	MA0493.2	-5	0.00934832	7.86193	0.385796	9	GGGGGGGGGCCAGGCC	GGGGCGGGG	+
M0	MA0753.2	0	0.010273	8.63955	0.401027	13	GGGGGGGGGCCAGGCC	GTGGGGGGGGCGG	-
M0	MA0014.3	-5	0.0102822	8.64734	0.401027	11	GGGGGGGGGCCAGGCC	GGGGTCACGCTC	-
M0	MA1528.1	3	0.0104462	8.78524	0.401027	14	GGGGGGGGGCCAGGCC	GTTGGCACGGTGCCAGG	+
M0	MA1650.1	-4	0.0108999	9.1668	0.408934	12	GGGGGGGGGCCAGGCC	GGGTGCGCGGGG	-
M0	MA1100.2	-1	0.0114729	9.64869	0.412084	10	GGGGGGGGGCCAGGCC	GGCAGCTGCC	+
M0	MA1973.1	-2	0.0117993	9.92322	0.412084	14	GGGGGGGGGCCAGGCC	GCGTGGGCTAGCCTGGGCCC	-
M1	MA0679.2	0	7.30434e-05	0.0614295	0.121641	16	TAAATATAGAAAAAAA	AAAAAATCAATAAATA	+
M1	MA1974.1	0	0.000189521	0.159387	0.153922	15	TAAATATAGAAAAAAA	AATATATACCATATA	+
M1	MA0680.2	0	0.000327471	0.275403	0.153922	15	TAAATATAGAAAAAAA	AAATAATTGATTAAT	-
M1	MA1978.1	1	0.000497426	0.418335	0.153922	16	TAAATATAGAAAAAAA	ATAAATATAAATGGACTAATT	+
M1	MA0052.4	3	0.000554563	0.466388	0.153922	12	TAAATATAGAAAAAAA	TTCTAAAAATAGAAA	+
M1	MA0040.1	-2	0.000747507	0.628654	0.154459	11	TAAATATAGAAAAAAA	AATAAACAATA	-
M1	MA0627.2	-2	0.000799641	0.672498	0.154459	13	TAAATATAGAAAAAAA	AATATGCAAATAA	+
M1	MA0681.2	1	0.000906634	0.762479	0.154459	15	TAAATATAGAAAAAAA	ATATAATTTGATTAAA	-
M1	MA1125.1	-4	0.000971864	0.817338	0.154459	12	TAAATATAGAAAAAAA	TTTAAAAAAAAA	+
M1	MA1487.2	2	0.00102025	0.858032	0.154459	12	TAAATATAGAAAAAAA	CCTAAATAAACAAA	+
M1	MA1104.2	-1	0.00135408	1.13878	0.18722	13	TAAATATAGAAAAAAA	AAAGATAAGATAA	-
M1	MA0757.1	0	0.00146149	1.22912	0.18722	14	TAAATATAGAAAAAAA	AAAAAATCAATAAT	+
M1	MA0846.1	0	0.00181669	1.52784	0.197863	12	TAAATATAGAAAAAAA	TAAGTAAACAAA	+
M1	MA0773.1	2	0.00181669	1.52784	0.197863	10	TAAATATAGAAAAAAA	ACTATAAATAGA	+
M1	MA0601.1	-3	0.00201983	1.69867	0.197863	11	TAAATATAGAAAAAAA	ATATTAATTAA	+
M1	MA0901.2	0	0.00255188	2.14613	0.236095	14	TAAATATAGAAAAAAA	AACCAATAAAATTT	+
M1	MA0602.1	0	0.00382522	3.21701	0.312418	14	TAAATATAGAAAAAAA	CTAATATTGCTAAA	+
M1	MA0041.2	4	0.00393963	3.31323	0.312418	12	TAAATATAGAAAAAAA	AAAGTAAATAAACAAT	+
M1	MA1970.1	-1	0.00434723	3.65602	0.323146	12	TAAATATAGAAAAAAA	AAAGATAAGATA	-
M1	MA1606.1	-1	0.00461671	3.88265	0.323146	11	TAAATATAGAAAAAAA	ATGTAAACAAA	+
M1	MA1607.1	0	0.00496978	4.17958	0.331052	14	TAAATATAGAAAAAAA	AATATGTAAACAAA	+
M1	MA0660.1	2	0.0061291	5.15457	0.386053	10	TAAATATAGAAAAAAA	GCTATAAATAGC	+
M1	MA0788.1	-2	0.0062591	5.2639	0.386053	13	TAAATATAGAAAAAAA	ATTATGCTAATTT	+
M1	MA0845.1	-1	0.00704396	5.92397	0.4045	11	TAAATATAGAAAAAAA	ATATTTACATA	-
M1	MA0497.1	4	0.00977307	8.21915	0.508605	11	TAAATATAGAAAAAAA	ATGCTAAAAATAGAA	+
M1	MA0102.4	-3	0.0111999	9.41913	0.563133	13	TAAATATAGAAAAAAA	ATATTGTGCAATAA	-
M1	MA0606.2	-3	0.0117852	9.91136	0.563133	12	TAAATATAGAAAAAAA	ACATGGAAAATT	+
M2	MA0753.2	1	2.83801e-06	0.00238676	0.00469274	12	TGGGGGGGGCAGCTCC	GTGGGGGGGGCGG	-
M2	MA0742.2	0	0.000473611	0.398306	0.115278	9	TGGGGGGGGCAGCTCC	GGGGCGGGG	+
M2	MA0599.1	0	0.000494994	0.41629	0.115278	10	TGGGGGGGGCAGCTCC	GGGGCGGGGC	-
M2	MA1513.1	1	0.000504395	0.424196	0.115278	10	TGGGGGGGGCAGCTCC	GGGGGCGGGGC	-
M2	MA1529.1	-3	0.000596026	0.501258	0.115278	13	TGGGGGGGGCAGCTCC	GGGACGCAGCTGCGGCCC	-
M2	MA0740.2	0	0.000618654	0.520288	0.115278	9	TGGGGGGGGCAGCTCC	GGGGCGGGG	+
M2	MA1713.1	-2	0.000710089	0.597185	0.115278	14	TGGGGGGGGCAGCTCC	GGGGGAGCGGCGGG	-
M2	MA1723.1	5	0.000717489	0.603409	0.115278	16	TGGGGGGGGCAGCTCC	GGTGGGCAGGGAGGAAGCAGAAGG	+
M2	MA0685.2	0	0.000870489	0.732081	0.115278	9	TGGGGGGGGCAGCTCC	GGGGCGGGG	+
M2	MA1511.2	0	0.000870489	0.732081	0.115278	9	TGGGGGGGGCAGCTCC	GGGGCGGGG	+
M2	MA1959.1	0	0.000870489	0.732081	0.115278	9	TGGGGGGGGCAGCTCC	GGGGCGGGG	+
M2	MA0597.2	-1	0.000897183	0.754531	0.115278	12	TGGGGGGGGCAGCTCC	GCGCAGGGCAGG	+
M2	MA1721.1	-1	0.000906311	0.762208	0.115278	15	TGGGGGGGGCAGCTCC	GGCAGCGGCAGCGGCG	+
M2	MA0471.2	0	0.00106865	0.898737	0.117555	13	TGGGGGGGGCAGCTCC	GGGGGCGGGAAGG	+
M2	MA0528.2	-1	0.00110443	0.928822	0.117555	12	TGGGGGGGGCAGCTCC	GGGGGGAGGAGG	+
M2	MA0741.1	1	0.00123292	1.03689	0.117555	10	TGGGGGGGGCAGCTCC	GGGGGCGTGGC	-
M2	MA0079.5	0	0.00130159	1.09464	0.117555	9	TGGGGGGGGCAGCTCC	GGGGCGGGG	+
M2	MA0516.3	0	0.00130159	1.09464	0.117555	9	TGGGGGGGGCAGCTCC	GGGGCGGGG	+
M2	MA0493.2	0	0.00140669	1.18302	0.117555	9	TGGGGGGGGCAGCTCC	GGGGCGGGG	+
M2	MA1512.1	1	0.00142187	1.19579	0.117555	10	TGGGGGGGGCAGCTCC	GTGGGCGTGGC	-
M2	MA1728.1	-4	0.0016579	1.3943	0.130427	12	TGGGGGGGGCAGCTCC	CTGGGCAGCAGC	-
M2	MA1564.1	-1	0.00177188	1.49015	0.130427	12	TGGGGGGGGCAGCTCC	GGGGGGCGTGGC	-
M2	MA1630.2	0	0.00189306	1.59206	0.130427	12	TGGGGGGGGCAGCTCC	GGGGGAGGGGAG	+
M2	MA1961.1	-3	0.00189306	1.59206	0.130427	12	TGGGGGGGGCAGCTCC	GGGGGGCGGGGG	+
M2	MA0747.1	2	0.00202189	1.70041	0.133731	10	TGGGGGGGGCAGCTCC	AGTGGGCGTGGC	-
M2	MA1965.1	1	0.0022958	1.93077	0.146007	9	TGGGGGGGGCAGCTCC	GGGGGAGGGG	-
M2	MA0039.4	1	0.0033827	2.84485	0.198094	11	TGGGGGGGGCAGCTCC	GGGGGTGGGGCG	-
M2	MA0111.1	-2	0.00369551	3.10793	0.198094	11	TGGGGGGGGCAGCTCC	AGGGTAACAGC	+
M2	MA1578.1	1	0.00377863	3.17783	0.198094	9	TGGGGGGGGCAGCTCC	AAGTGGGGGG	-
M2	MA1631.1	-5	0.00378887	3.18644	0.198094	11	TGGGGGGGGCAGCTCC	GGGGCAGGTGCTG	-
M2	MA1653.1	0	0.00383362	3.22407	0.198094	12	TGGGGGGGGCAGCTCC	GGGGGAGGGGGG	-
M2	MA0830.2	-5	0.0057462	4.83256	0.281763	11	TGGGGGGGGCAGCTCC	GGGGCAGGTGCCG	-
M2	MA1652.1	0	0.00579362	4.87243	0.281763	14	TGGGGGGGGCAGCTCC	GGAGGAGGTGAGAA	+
M2	MA1522.1	-1	0.00620962	5.22229	0.292879	11	TGGGGGGGGCAGCTCC	GGGGAGGGGCG	-
M2	MA0746.2	-3	0.00645573	5.42927	0.292879	13	TGGGGGGGGCAGCTCC	GGTGGGCGTGGCC	-
M2	MA1107.2	4	0.00655354	5.51152	0.292879	12	TGGGGGGGGCAGCTCC	GGGGTGGGTGTGGCTG	-
M2	MA0073.1	0	0.00683013	5.74414	0.297207	16	TGGGGGGGGCAGCTCC	TGGGGGGGGGTGGTTTGGGG	-
M2	MA1122.1	-2	0.0074989	6.30658	0.317941	11	TGGGGGGGGCAGCTCC	GGGCGGGAAGG	+
M2	MA1100.2	-7	0.00788514	6.6314	0.325959	9	TGGGGGGGGCAGCTCC	GGCAGCTGCC	-
M2	MA0735.1	5	0.0085737	7.21048	0.333735	11	TGGGGGGGGCAGCTCC	GCTTCGTGGGGGGTCT	-
M2	MA1986.1	-3	0.00897593	7.54876	0.333735	10	TGGGGGGGGCAGCTCC	GGGGCCCACC	+
M2	MA0696.1	4	0.00908241	7.63831	0.333735	10	TGGGGGGGGCAGCTCC	CACAGCGGGGGGTC	-
M2	MA0737.1	4	0.00908241	7.63831	0.333735	10	TGGGGGGGGCAGCTCC	CTTCGTGGGGGGTC	-
M2	MA0591.1	0	0.0103641	8.71624	0.372554	15	TGGGGGGGGCAGCTCC	AGGATGACTCAGCAC	+
M2	MA0736.1	4	0.0113031	9.50593	0.397021	10	TGGGGGGGGCAGCTCC	CTTCGCGGGGGGTC	-
M2	MA1730.1	-1	0.011525	9.69254	0.397021	15	TGGGGGGGGCAGCTCC	AGGAGGCACAGCCGG	-
M3	MA1973.1	-1	0.00155811	1.31037	1	15	CGTGCGAGCCAGCCCG	GCGTGGGCTAGCCTGGGCCC	-
M3	MA0092.1	-5	0.003868	3.25299	1	10	CGTGCGAGCCAGCCCG	ATGCCAGACC	-
M3	MA0739.1	-5	0.00391004	3.28835	1	9	CGTGCGAGCCAGCCCG	ATGCCAACC	+
M3	MA1730.1	-1	0.00693953	5.83614	1	15	CGTGCGAGCCAGCCCG	AGGAGGCACAGCCGG	-
M3	MA1648.1	-4	0.00753369	6.33584	1	11	CGTGCGAGCCAGCCCG	CGCACCTGCCG	+
M3	MA1599.1	-4	0.00944194	7.94067	1	12	CGTGCGAGCCAGCCCG	CGGGCCAAGCCCCTAT	+
M3	MA0506.2	-1	0.00968549	8.1455	1	15	CGTGCGAGCCAGCCCG	GCCTGCGCCTGCGCG	+
M3	MA1982.1	0	0.0102304	8.60374	1	15	CGTGCGAGCCAGCCCG	GGGCCGCTCTAGCCC	-
M3	MA0659.3	0	0.0108033	9.0856	1	15	CGTGCGAGCCAGCCCG	CTGCTGAGTCAGCAC	-
M3	MA1597.1	2	0.011539	9.70429	1	15	CGTGCGAGCCAGCCCG	CCCAGGGAAGCCATTTC	+
M4	MA0601.1	-3	0.000139203	0.11707	0.177312	11	TTAATAATATTTAAAT	ATATTAATTAA	+
M4	MA0602.1	-3	0.000211415	0.1778	0.177312	13	TTAATAATATTTAAAT	CTAATATTGCTAAA	+
M4	MA0681.2	-1	0.00132197	1.11178	0.527807	15	TTAATAATATTTAAAT	ATATAATTTGATTAAA	-
M4	MA0785.1	-5	0.001731	1.45577	0.527807	11	TTAATAATATTTAAAT	AATATGCAAATT	+
M4	MA0845.1	-6	0.00293375	2.46729	0.527807	10	TTAATAATATTTAAAT	ATATTTACATA	-
M4	MA1963.1	-3	0.00307023	2.58206	0.527807	13	TTAATAATATTTAAAT	TTACTAATAACTA	+
M4	MA0507.2	-5	0.00322807	2.71481	0.527807	11	TTAATAATATTTAAAT	AATATGCAAATTAG	+
M4	MA0679.2	-1	0.00335804	2.82411	0.527807	15	TTAATAATATTTAAAT	AAAAAATCAATAAATA	+
M4	MA0627.2	-5	0.00394275	3.31585	0.527807	11	TTAATAATATTTAAAT	AATATGCAAATAA	+
M4	MA0148.4	-4	0.00405632	3.41137	0.527807	12	TTAATAATATTTAAAT	ACATGTTTACAT	-
M4	MA0703.2	-3	0.00409058	3.44018	0.527807	11	TTAATAATATTTAAAT	ATTTTAATTAA	+
M4	MA0901.2	-1	0.00523527	4.40286	0.592822	14	TTAATAATATTTAAAT	AAATTTTATTGGTT	-
M4	MA0040.1	-4	0.00530385	4.46054	0.592822	11	TTAATAATATTTAAAT	TATTGTTTATT	+
M4	MA0032.2	-6	0.00565472	4.75562	0.592822	10	TTAATAATATTTAAAT	ATATTTACATA	-
M4	MA0791.1	1	0.00639706	5.37993	0.631197	15	TTAATAATATTTAAAT	CTCATTAATTATGCAT	-
M4	MA0122.3	-2	0.00765202	6.43535	0.649611	13	TTAATAATATTTAAAT	ATAACCACTTAAA	+
M4	MA1607.1	-5	0.00787126	6.61973	0.649611	11	TTAATAATATTTAAAT	AATATGTAAACAAA	+
M4	MA0142.1	-1	0.00813279	6.83968	0.649611	15	TTAATAATATTTAAAT	CTTTGTTATGCAAAT	+
M4	MA0788.1	-5	0.00965373	8.11878	0.735525	11	TTAATAATATTTAAAT	ATTATGCTAATTT	+
M4	MA0621.1	-5	0.0105239	8.85058	0.735525	11	TTAATAATATTTAAAT	ACTAATTAATT	-
M4	MA0680.2	-1	0.0113517	9.54681	0.749597	15	TTAATAATATTTAAAT	AAATAATTGATTAAT	-
M5	MA0137.3	-1	1.7548e-05	0.0147579	0.0291757	11	ATTTTCTGGAAATTTC	TTTCCTGGAAA	-
M5	MA0486.2	-3	5.98983e-05	0.0503745	0.0389516	13	ATTTTCTGGAAATTTC	TTCTAGAACGTTC	+
M5	MA0770.1	-3	7.02832e-05	0.0591082	0.0389516	13	ATTTTCTGGAAATTTC	TTCTAGAACGTTC	+
M5	MA0771.1	-3	0.000103777	0.0872765	0.0431356	13	ATTTTCTGGAAATTTC	TTCTAGAACGTTC	+
M5	MA0518.1	2	0.000570562	0.479842	0.147358	12	ATTTTCTGGAAATTTC	CCATTTCCTGGAAA	-
M5	MA0144.2	-1	0.000620409	0.521764	0.147358	11	ATTTTCTGGAAATTTC	TTTCCCAGAAG	-
M5	MA0519.1	-3	0.000835523	0.702675	0.155661	11	ATTTTCTGGAAATTTC	TTCTTGGAAAT	-
M5	MA1624.1	-1	0.000842612	0.708636	0.155661	12	ATTTTCTGGAAATTTC	TTTCCAAGAAAT	+
M5	MA0731.1	1	0.00113794	0.957007	0.168583	16	ATTTTCTGGAAATTTC	TGCTTTCTAGGAATTCA	+
M5	MA1625.1	1	0.00124751	1.04915	0.168583	14	ATTTTCTGGAAATTTC	CATTTCCCAGAAATC	+
M5	MA1153.1	-2	0.00131814	1.10856	0.168583	8	ATTTTCTGGAAATTTC	TGTCTAGA	+
M5	MA0788.1	-2	0.0023919	2.01158	0.220935	13	ATTTTCTGGAAATTTC	ATTATGCTAATTT	+
M5	MA1649.1	-3	0.00397325	3.34151	0.330302	11	ATTTTCTGGAAATTTC	ATCTGGAACCC	+
M5	MA0786.1	-3	0.00486723	4.09334	0.385352	12	ATTTTCTGGAAATTTC	TTATGCAAATTA	+
M5	MA0861.1	2	0.00542032	4.55849	0.389636	16	ATTTTCTGGAAATTTC	GACATGTCTGGACATGTC	+
M5	MA1963.1	-2	0.00545758	4.58982	0.389636	13	ATTTTCTGGAAATTTC	TTACTAATAACTA	+
M5	MA0679.2	0	0.0056689	4.76755	0.389636	16	ATTTTCTGGAAATTTC	TATTTATTGATTTTTT	-
M5	MA0627.2	-2	0.00611868	5.14581	0.389636	13	ATTTTCTGGAAATTTC	AATATGCAAATAA	+
M5	MA0107.1	-7	0.00632744	5.32138	0.389636	9	ATTTTCTGGAAATTTC	GGAAATTCCC	-
M5	MA1579.1	2	0.00679767	5.71684	0.389724	13	ATTTTCTGGAAATTTC	ATCTTTTCTGGAGTA	-
M5	MA1557.1	-2	0.00722876	6.07939	0.400624	10	ATTTTCTGGAAATTTC	TGTCTAGACA	-
M5	MA0785.1	-2	0.00882464	7.42152	0.433194	12	ATTTTCTGGAAATTTC	AATATGCAAATT	+
M5	MA0787.1	-3	0.00882464	7.42152	0.433194	12	ATTTTCTGGAAATTTC	TTATGCAAATTA	+
M5	MA0795.1	-2	0.00937974	7.88836	0.433194	10	ATTTTCTGGAAATTTC	CGTCTAGACA	+
M5	MA0463.2	2	0.0100025	8.41208	0.449469	14	ATTTTCTGGAAATTTC	ATGCTTTCGAGGAATT	+
M6	MA1968.1	-3	1.0722e-07	9.01721e-05	0.000179957	10	CCCAAACCGGATCAAA	AAACCGGTTT	+
M6	MA0647.1	-2	1.06864e-05	0.0089873	0.00597868	12	CCCAAACCGGATCAAA	AAAACCGGTTTT	+
M6	MA0883.1	3	0.000198195	0.166682	0.0665298	14	CCCAAACCGGATCAAA	TACATTAATCCGGTTCA	-
M6	MA0145.2	-6	0.00148692	1.2505	0.35652	10	CCCAAACCGGATCAAA	CCAGTTCAAACCAG	+
M6	MA1105.2	-2	0.00171132	1.43922	0.359033	12	CCCAAACCGGATCAAA	AAAACAGGTTTT	+
M6	MA0122.3	-2	0.00286731	2.41141	0.481246	13	CCCAAACCGGATCAAA	ATAACCACTTAAA	+
M6	MA0072.1	-1	0.0045697	3.84312	0.639145	14	CCCAAACCGGATCAAA	TATAAGTAGGTCAA	+
M7	MA1730.1	-1	5.20094e-05	0.0437399	0.086187	15	AGGGGGGCCCTGCCCC	AGGAGGCACAGCCGG	-
M7	MA1986.1	-3	0.000133101	0.111938	0.094902	10	AGGGGGGCCCTGCCCC	GGGGCCCACC	+
M7	MA0830.2	-3	0.000171805	0.144488	0.094902	13	AGGGGGGCCCTGCCCC	CGGCACCTGCCCC	+
M7	MA1631.1	-3	0.000762764	0.641485	0.302538	13	AGGGGGGCCCTGCCCC	CAGCACCTGCCCC	+
M7	MA1555.1	-3	0.00177311	1.49118	0.302538	13	AGGGGGGCCCTGCCCC	GAGGTCATGACCTC	-
M7	MA1648.1	-4	0.00181553	1.52686	0.302538	11	AGGGGGGCCCTGCCCC	CGCACCTGCCG	+
M7	MA0597.2	-3	0.00196736	1.65455	0.302538	12	AGGGGGGCCCTGCCCC	CCTGCCCTGCGC	-
M7	MA1719.1	1	0.00201057	1.69089	0.302538	16	AGGGGGGCCCTGCCCC	AAATGGGGACATGCAGGG	+
M7	MA1513.1	-6	0.00208827	1.75623	0.302538	10	AGGGGGGCCCTGCCCC	GCCCCGCCCCC	+
M7	MA0014.3	-3	0.00239219	2.01183	0.302538	12	AGGGGGGCCCTGCCCC	GGGGTCACGCTC	-
M7	MA1599.1	-3	0.00249668	2.09971	0.302538	13	AGGGGGGCCCTGCCCC	CGGGCCAAGCCCCTAT	+
M7	MA1548.1	-1	0.00251355	2.1139	0.302538	10	AGGGGGGCCCTGCCCC	AGGGGGCCCA	-
M7	MA1713.1	-2	0.00255592	2.14953	0.302538	14	AGGGGGGCCCTGCCCC	GGGGGAGCGGCGGG	-
M7	MA1556.1	-3	0.00288041	2.42243	0.318217	13	AGGGGGGCCCTGCCCC	GAGGTCATGACCTC	-
M7	MA1655.1	-4	0.00424117	3.56682	0.406017	12	AGGGGGGCCCTGCCCC	GGGAACAGCCAC	+
M7	MA0146.2	-2	0.00459595	3.86519	0.406017	14	AGGGGGGCCCTGCCCC	CAGGCCTCGGCCCC	-
M7	MA0079.5	-7	0.00476735	4.00934	0.406017	9	AGGGGGGCCCTGCCCC	CCCCGCCCC	-
M7	MA1511.2	-7	0.00551361	4.63694	0.406017	9	AGGGGGGCCCTGCCCC	CCCCGCCCC	-
M7	MA1976.1	0	0.00552123	4.64335	0.406017	16	AGGGGGGCCCTGCCCC	AGGGGGGCCCGGGGGCCTGTGCGAGTG	+
M7	MA0522.3	-4	0.00559661	4.70675	0.406017	11	AGGGGGGCCCTGCCCC	CGCACCTGCCC	+
M7	MA1100.2	-4	0.00581319	4.8889	0.406017	10	AGGGGGGCCCTGCCCC	GGCAGCTGCC	-
M7	MA1529.1	-3	0.00590837	4.96894	0.406017	13	AGGGGGGCCCTGCCCC	GGGACGCAGCTGCGGCCC	-
M7	MA0516.3	-7	0.00637026	5.35739	0.406017	9	AGGGGGGCCCTGCCCC	CCCCGCCCC	-
M7	MA0742.2	-7	0.00637026	5.35739	0.406017	9	AGGGGGGCCCTGCCCC	CCCCGCCCC	-
M7	MA1965.1	-6	0.00710568	5.97587	0.431454	10	AGGGGGGCCCTGCCCC	CCCCTCCCCC	+
M7	MA1985.1	-3	0.00729009	6.13097	0.431454	13	AGGGGGGCCCTGCCCC	GGGGCGATGACCACT	+
M7	MA0147.3	-3	0.00823407	6.92485	0.453215	12	AGGGGGGCCCTGCCCC	GGCCACGTGCCC	+
M7	MA0740.2	-7	0.00847825	7.13021	0.453215	9	AGGGGGGCCCTGCCCC	CCCCGCCCC	-
M7	MA1649.1	-3	0.00916919	7.71129	0.45682	11	AGGGGGGCCCTGCCCC	GGGTTCCAGAT	-
M7	MA1522.1	-4	0.00974249	8.19344	0.45682	11	AGGGGGGCCCTGCCCC	CGCCCCTCCCC	+
M7	MA0746.2	-2	0.0100131	8.42105	0.45682	13	AGGGGGGCCCTGCCCC	GGTGGGCGTGGCC	-
M7	MA1961.1	-1	0.0103692	8.72046	0.45682	12	AGGGGGGCCCTGCCCC	GGGGGGCGGGGG	+
M7	MA0685.2	-7	0.0104753	8.80977	0.45682	9	AGGGGGGCCCTGCCCC	CCCCGCCCC	-
M7	MA1106.1	-5	0.0111719	9.39561	0.474705	10	AGGGGGGCCCTGCCCC	GTACGTGCCC	+
M8	MA0679.2	-1	4.81004e-06	0.00404524	0.00799882	15	TCAAAAATAAATAAAA	AAAAAATCAATAAATA	+
M8	MA0757.1	-1	5.00345e-05	0.042079	0.0416023	14	TCAAAAATAAATAAAA	AAAAAATCAATAAT	+
M8	MA1125.1	-2	0.000190589	0.160286	0.105647	12	TCAAAAATAAATAAAA	TTTAAAAAAAAA	+
M8	MA0601.1	-3	0.00146448	1.23163	0.31549	11	TCAAAAATAAATAAAA	ATATTAATTAA	+
M8	MA0681.2	0	0.00147357	1.23927	0.31549	16	TCAAAAATAAATAAAA	ATATAATTTGATTAAA	-
M8	MA0680.2	-2	0.00168038	1.4132	0.31549	14	TCAAAAATAAATAAAA	ATTAATCAATTATTT	+
M8	MA0442.2	-3	0.00169899	1.42885	0.31549	11	TCAAAAATAAATAAAA	AAAACAAAGAA	+
M8	MA1104.2	-2	0.00198996	1.67355	0.31549	13	TCAAAAATAAATAAAA	AAAGATAAGATAA	-
M8	MA0122.3	-2	0.00226841	1.90774	0.31549	13	TCAAAAATAAATAAAA	ATAACCACTTAAA	+
M8	MA0030.1	-1	0.0023154	1.94725	0.31549	14	TCAAAAATAAATAAAA	CAAACGTAAACAAT	+
M8	MA0846.1	-3	0.0024214	2.0364	0.31549	12	TCAAAAATAAATAAAA	TAAGTAAACAAA	+
M8	MA1487.2	-1	0.00246633	2.07419	0.31549	14	TCAAAAATAAATAAAA	CCTAAATAAACAAA	+
M8	MA0052.4	2	0.00333003	2.80055	0.334638	13	TCAAAAATAAATAAAA	TTCTAAAAATAGAAA	+
M8	MA1978.1	0	0.00333626	2.80579	0.334638	16	TCAAAAATAAATAAAA	ATAAATATAAATGGACTAATT	+
M8	MA0482.2	-2	0.00360145	3.02882	0.334638	12	TCAAAAATAAATAAAA	AAAGATAAGGAA	-
M8	MA1970.1	-2	0.00360145	3.02882	0.334638	12	TCAAAAATAAATAAAA	AAAGATAAGATA	-
M8	MA0901.2	-1	0.00380579	3.20067	0.334638	14	TCAAAAATAAATAAAA	AACCAATAAAATTT	+
M8	MA1963.1	0	0.00402465	3.38473	0.334638	13	TCAAAAATAAATAAAA	TTACTAATAACTA	+
M8	MA0851.1	-1	0.00449795	3.78278	0.356183	15	TCAAAAATAAATAAAA	AAAAAGTAAACAAACCC	+
M8	MA0495.3	0	0.00500231	4.20694	0.378116	16	TCAAAAATAAATAAAA	AAAAAAATGCTGACTT	-
M8	MA0040.1	-5	0.005273	4.43459	0.381248	11	TCAAAAATAAATAAAA	AATAAACAATA	-
M8	MA0025.2	-3	0.00581397	4.88955	0.392596	13	TCAAAAATAAATAAAA	ATATTGCATAATA	-
M8	MA0606.2	-4	0.00600234	5.04797	0.392596	12	TCAAAAATAAATAAAA	ACATGGAAAATT	+
M8	MA1989.1	-1	0.00613821	5.16224	0.392596	14	TCAAAAATAAATAAAA	AAAAACCACAAGAA	+
M8	MA1113.2	-3	0.0069589	5.85244	0.428602	13	TCAAAAATAAATAAAA	GTCATAAATCATT	+
M8	MA0755.1	-4	0.00728966	6.1306	0.432939	10	TCAAAAATAAATAAAA	TAATCGATAA	+
M8	MA0754.2	-4	0.0078077	6.56627	0.447716	10	TCAAAAATAAATAAAA	TAATCGATAA	+
M8	MA0602.1	-1	0.00918635	7.72572	0.503746	14	TCAAAAATAAATAAAA	CTAATATTGCTAAA	+
M8	MA1471.1	-2	0.00981768	8.25667	0.503746	12	TCAAAAATAAATAAAA	AAAAACCATTAC	+
M8	MA0041.2	1	0.00988988	8.31739	0.503746	15	TCAAAAATAAATAAAA	AAAGTAAATAAACAAT	+
M8	MA0713.1	-3	0.0101096	8.50221	0.503746	11	TCAAAAATAAATAAAA	TAATTAAATTA	-
M8	MA0788.1	-2	0.0104768	8.811	0.503746	13	TCAAAAATAAATAAAA	AAATTAGCATAAT	-
M8	MA0497.1	3	0.0106023	8.91658	0.503746	12	TCAAAAATAAATAAAA	ATGCTAAAAATAGAA	+
M8	MA0135.1	-4	0.0117458	9.87826	0.530081	12	TCAAAAATAAATAAAA	AAATTAATTAATC	+
M9	MA0901.2	-1	0.000200286	0.16844	0.336881	14	AATATAATATAAATTT	AACCAATAAAATTT	+
M9	MA0681.2	-1	0.000514007	0.43228	0.43228	15	AATATAATATAAATTT	ATATAATTTGATTAAA	-
M9	MA1104.2	1	0.0009573	0.805089	0.432604	12	AATATAATATAAATTT	AAAGATAAGATAA	-
M9	MA1963.1	0	0.00127093	1.06885	0.432604	13	AATATAATATAAATTT	TTACTAATAACTA	+
M9	MA0035.4	-1	0.00128598	1.08151	0.432604	11	AATATAATATAAATTT	TTCTAATCTAT	+
M9	MA0679.2	1	0.00286034	2.40555	0.801849	15	AATATAATATAAATTT	AAAAAATCAATAAATA	+
M9	MA0465.2	-1	0.00424823	3.57276	0.950164	12	AATATAATATAAATTT	AAGCAATAAAAA	+
M9	MA1974.1	0	0.00524647	4.41228	0.950164	15	AATATAATATAAATTT	TATATGGTATATATT	-
M9	MA0715.1	-4	0.00682353	5.73859	0.950164	11	AATATAATATAAATTT	TAATTTAATTA	+
M9	MA0680.2	-1	0.00749129	6.30017	0.950164	15	AATATAATATAAATTT	AAATAATTGATTAAT	-
M9	MA0602.1	-3	0.00918407	7.7238	0.950164	13	AATATAATATAAATTT	CTAATATTGCTAAA	+
M9	MA1125.1	0	0.00953639	8.0201	0.950164	12	AATATAATATAAATTT	TTTAAAAAAAAA	+
M9	MA0029.1	0	0.0103144	8.67438	0.950164	14	AATATAATATAAATTT	AAGATAAGATAATA	+
M9	MA1640.1	-1	0.0111982	9.41767	0.950164	15	AATATAATATAAATTT	AAATGATTTATGGCT	+
M9	MA1970.1	1	0.0113968	9.58469	0.950164	11	AATATAATATAAATTT	AAAGATAAGATA	-
M9	MA0788.1	-3	0.0118355	9.95368	0.950164	13	AATATAATATAAATTT	ATTATGCTAATTT	+
M10	MA1137.1	-3	6.88866e-10	5.79336e-07	1.12226e-06	13	AGCTGATGACTCACCC	TGATGACTCATAC	+
M10	MA1130.1	-4	6.41901e-08	5.39839e-05	5.01348e-05	12	AGCTGATGACTCACCC	GATGACTCATCC	-
M10	MA1128.1	-3	9.2321e-08	7.76419e-05	5.01348e-05	13	AGCTGATGACTCACCC	TGATGACTCATCC	+
M10	MA0491.2	-3	1.86883e-07	0.000157169	6.0892e-05	13	AGCTGATGACTCACCC	TGATGACTCATCC	+
M10	MA1141.1	-3	1.86883e-07	0.000157169	6.0892e-05	13	AGCTGATGACTCACCC	CGATGACTCATCC	-
M10	MA0477.2	-3	2.77467e-07	0.00023335	7.53392e-05	13	AGCTGATGACTCACCC	TGATGACTCATCC	+
M10	MA1988.1	-4	3.9449e-07	0.000331766	9.0394e-05	11	AGCTGATGACTCACCC	GATGACTCATA	+
M10	MA0489.2	-4	4.43884e-07	0.000373307	9.0394e-05	12	AGCTGATGACTCACCC	TATGACTCATCT	+
M10	MA1134.1	-3	1.10925e-06	0.000932878	0.000193951	12	AGCTGATGACTCACCC	GGATGACTCATC	-
M10	MA1144.1	-4	1.30956e-06	0.00110134	0.000193951	10	AGCTGATGACTCACCC	GATGACTCAT	+
M10	MA0099.3	-4	1.30956e-06	0.00110134	0.000193951	10	AGCTGATGACTCACCC	GATGACTCAT	-
M10	MA1138.1	-4	1.82539e-06	0.00153515	0.000247819	10	AGCTGATGACTCACCC	GATGACTCAT	+
M10	MA1135.1	-4	2.46306e-06	0.00207144	0.000308668	10	AGCTGATGACTCACCC	GATGACTCAT	+
M10	MA1132.1	-4	5.4478e-06	0.0045816	0.000557126	10	AGCTGATGACTCACCC	GATGACTCAT	+
M10	MA1142.1	-4	5.4478e-06	0.0045816	0.000557126	10	AGCTGATGACTCACCC	GATGACTCAT	+
M10	MA0476.1	-4	7.98853e-06	0.00671835	0.000765558	11	AGCTGATGACTCACCC	AATGAGTCACA	-
M10	MA0462.2	-4	9.90092e-06	0.00832667	0.000837762	11	AGCTGATGACTCACCC	TATGACTCATA	+
M10	MA1634.1	-4	9.90092e-06	0.00832667	0.000837762	11	AGCTGATGACTCACCC	TATGACTCATA	+
M10	MA0490.2	-3	1.02847e-05	0.00864941	0.000837762	13	AGCTGATGACTCACCC	AAATGACTCATTT	+
M10	MA0655.1	-5	1.41082e-05	0.011865	0.00104474	9	AGCTGATGACTCACCC	ATGACTCAT	+
M10	MA1633.2	-5	1.41082e-05	0.011865	0.00104474	9	AGCTGATGACTCACCC	ATGACTCAT	+
M10	MA0478.1	-3	1.67009e-05	0.0140454	0.00118296	11	AGCTGATGACTCACCC	GGATGACTCAT	+
M10	MA0835.2	-4	4.19713e-05	0.0352979	0.00227226	11	AGCTGATGACTCACCC	TATGACTCATA	+
M10	MA0659.3	-2	5.10212e-05	0.0429089	0.00251882	14	AGCTGATGACTCACCC	GTGCTGACTCAGCAG	+
M10	MA0496.3	-3	6.99589e-05	0.0588355	0.00335216	13	AGCTGATGACTCACCC	TGCTGACTCAGCAAT	+
M10	MA1928.1	-4	8.09565e-05	0.0680844	0.00376829	12	AGCTGATGACTCACCC	TATGACTCACAA	-
M10	MA0841.1	-4	0.000127409	0.107151	0.00532956	11	AGCTGATGACTCACCC	CATGACTCATC	+
M10	MA0591.1	-2	0.000215929	0.181597	0.00837572	14	AGCTGATGACTCACCC	GTGCTGAGTCATCCT	-
M10	MA0501.1	-5	0.000503884	0.423766	0.0167531	11	AGCTGATGACTCACCC	ATGACTCAGCAATTT	+
M10	MA1592.1	-1	0.0010611	0.892388	0.0326168	15	AGCTGATGACTCACCC	AGCGAGAACTCATACC	-
M10	MA1101.2	0	0.00282686	2.37739	0.079403	16	AGCTGATGACTCACCC	AAATGATGAGTCATGCTTT	-
M10	MA0604.1	-5	0.00371211	3.12189	0.102501	8	AGCTGATGACTCACCC	ATGACGTA	+
M10	MA0046.2	0	0.0046181	3.88382	0.125393	15	AGCTGATGACTCACCC	AGTTAATGATTAACT	+
M10	MA1520.1	-2	0.00489555	4.11716	0.130747	14	AGCTGATGACTCACCC	TTGCTGACTCAGCAT	-
M10	MA1521.1	-2	0.0051884	4.36345	0.134169	14	AGCTGATGACTCACCC	TTGCTGAGTCAGCAA	+
M10	MA1995.1	-1	0.00533947	4.49049	0.135918	11	AGCTGATGACTCACCC	AATCGTGACTC	+
M10	MA1114.1	1	0.00597402	5.02415	0.149731	16	AGCTGATGACTCACCC	CCGCCTGTCACTCACCC	-
M10	MA0150.2	-1	0.00965573	8.12047	0.234785	15	AGCTGATGACTCACCC	CAGCATGACTCAGCA	+
M10	MA0089.2	-2	0.00993116	8.35211	0.237931	14	AGCTGATGACTCACCC	AGAATGACTCAGCAAT	+
M11	MA1143.1	-3	1.40069e-05	0.0117798	0.0219588	10	ACGATGACTTAACTTT	ATGACGTAAC	+
M11	MA0840.1	-2	0.000258064	0.217032	0.0765177	12	ACGATGACTTAACTTT	AATGACGTCACC	+
M11	MA1127.1	-2	0.000276706	0.23271	0.0765177	11	ACGATGACTTAACTTT	GATGACGTCAT	+
M11	MA1136.1	-3	0.00029605	0.248978	0.0765177	10	ACGATGACTTAACTTT	ATGACGTCAT	-
M11	MA0844.1	-2	0.000316504	0.26618	0.0765177	14	ACGATGACTTAACTTT	GATGACGTGGCATT	-
M11	MA0604.1	-3	0.000512157	0.430724	0.0765177	8	ACGATGACTTAACTTT	ATGACGTA	+
M11	MA0488.1	-3	0.000514963	0.433084	0.0765177	13	ACGATGACTTAACTTT	ATGACATCATCTT	-
M11	MA1131.1	-2	0.000516761	0.434596	0.0765177	11	ACGATGACTTAACTTT	GATGACGTCAT	+
M11	MA0620.3	1	0.000565522	0.475604	0.0765177	16	ACGATGACTTAACTTT	TAAAGTCACGTGACTTTA	+
M11	MA0839.1	-1	0.000581334	0.488902	0.0765177	14	ACGATGACTTAACTTT	TGATGACGTGGCAT	-
M11	MA1129.1	-3	0.000634512	0.533625	0.0765177	10	ACGATGACTTAACTTT	ATGACGTCAT	+
M11	MA1133.1	-2	0.00110998	0.933492	0.106479	12	ACGATGACTTAACTTT	AATGACGTCACA	-
M11	MA1470.1	2	0.00115746	0.973423	0.106479	16	ACGATGACTTAACTTT	AAAGCATGACGTCATGATTT	+
M11	MA0638.1	-1	0.00128423	1.08004	0.106479	14	ACGATGACTTAACTTT	TGATGACGTGGCAC	-
M11	MA0492.1	-2	0.00129048	1.08529	0.106479	14	ACGATGACTTAACTTT	GATGACATCATCTTT	-
M11	MA1150.1	-3	0.00140367	1.18049	0.110027	11	ACGATGACTTAACTTT	GTGACCTAATT	-
M11	MA1142.1	-2	0.00164446	1.38299	0.122764	10	ACGATGACTTAACTTT	GATGACTCAT	+
M11	MA0656.1	-2	0.00187877	1.58004	0.13388	12	ACGATGACTTAACTTT	GATGACGTCATC	+
M11	MA0605.2	-2	0.00202197	1.70048	0.135159	12	ACGATGACTTAACTTT	GATGACGTCATC	+
M11	MA0841.1	-2	0.00206915	1.74016	0.135159	11	ACGATGACTTAACTTT	CATGACTCATC	+
M11	MA0018.4	-2	0.00240906	2.02602	0.138145	13	ACGATGACTTAACTTT	TATGACATCATAA	-
M11	MA1632.1	-2	0.00240906	2.02602	0.138145	13	ACGATGACTTAACTTT	AATGACCTCATTT	-
M11	MA1140.2	-2	0.00251354	2.11389	0.138145	12	ACGATGACTTAACTTT	GATGACGTCATC	+
M11	MA1132.1	-2	0.00264356	2.22324	0.138145	10	ACGATGACTTAACTTT	GATGACTCAT	+
M11	MA0663.1	-3	0.00332416	2.79562	0.156423	10	ACGATGACTTAACTTT	ATCACGTGAT	-
M11	MA0664.1	-3	0.00332416	2.79562	0.156423	10	ACGATGACTTAACTTT	ATCACGTGAT	-
M11	MA0491.2	-1	0.00339246	2.85306	0.156423	13	ACGATGACTTAACTTT	TGATGACTCATCC	+
M11	MA0135.1	-2	0.00362875	3.05178	0.160474	13	ACGATGACTTAACTTT	GATTAATTAATTT	-
M11	MA1939.1	-3	0.00368503	3.09911	0.160474	13	ACGATGACTTAACTTT	ATCACGTGATTTCCGGC	-
M11	MA1633.2	-3	0.00386741	3.25249	0.163864	9	ACGATGACTTAACTTT	ATGACTCAT	+
M11	MA0490.2	-1	0.00414682	3.48748	0.168381	13	ACGATGACTTAACTTT	AAATGACTCATTT	+
M11	MA1145.1	0	0.00418882	3.5228	0.168381	15	ACGATGACTTAACTTT	GCGATGACGTCATCA	-
M11	MA0089.2	0	0.00439313	3.69462	0.172179	16	ACGATGACTTAACTTT	AGAATGACTCAGCAAT	+
M11	MA1139.1	-2	0.00469677	3.94999	0.179134	12	ACGATGACTTAACTTT	GATGACGTCATC	-
M11	MA0692.1	-3	0.0051837	4.35949	0.179134	10	ACGATGACTTAACTTT	ATCACGTGAC	+
M11	MA0496.3	-1	0.00537045	4.51655	0.179134	15	ACGATGACTTAACTTT	TGCTGACTCAGCAAT	+
M11	MA0150.2	1	0.00537045	4.51655	0.179134	14	ACGATGACTTAACTTT	CAGCATGACTCAGCA	+
M11	MA0655.1	-3	0.00622422	5.23456	0.191324	9	ACGATGACTTAACTTT	ATGACTCAT	+
M11	MA1521.1	0	0.00645121	5.42547	0.191324	15	ACGATGACTTAACTTT	TTGCTGACTCAGCAA	-
M11	MA0032.2	0	0.0064815	5.45095	0.191324	11	ACGATGACTTAACTTT	ATATTTACATA	-
M11	MA1634.1	-2	0.00693544	5.83271	0.191324	11	ACGATGACTTAACTTT	TATGACTCATA	+
M11	MA0117.2	3	0.00697327	5.86452	0.191324	9	ACGATGACTTAACTTT	AAAATGCTGACT	+
M11	MA1474.1	-2	0.00743786	6.25524	0.191324	12	ACGATGACTTAACTTT	GGTGACGTGGCA	-
M11	MA1475.1	-2	0.00743786	6.25524	0.191324	12	ACGATGACTTAACTTT	GGTGACGTCACC	-
M11	MA1951.1	-1	0.00753279	6.33508	0.191324	14	ACGATGACTTAACTTT	TGATGACGTCATCA	-
M11	MA1126.1	2	0.00756485	6.36204	0.191324	14	ACGATGACTTAACTTT	AAATGATGACGTCATC	-
M11	MA0495.3	6	0.00756485	6.36204	0.191324	10	ACGATGACTTAACTTT	AAAAAAATGCTGACTT	-
M11	MA0489.2	-2	0.00793053	6.66958	0.191324	12	ACGATGACTTAACTTT	TATGACTCATCT	+
M11	MA0835.2	-2	0.00793265	6.67136	0.191324	11	ACGATGACTTAACTTT	TATGACTCATA	+
M11	MA1988.1	-2	0.00793265	6.67136	0.191324	11	ACGATGACTTAACTTT	GATGACTCATA	+
M11	MA0845.1	0	0.00793265	6.67136	0.191324	11	ACGATGACTTAACTTT	ATATTTACATA	-
M11	MA0910.2	0	0.00841143	7.07402	0.197755	8	ACGATGACTTAACTTT	GCAATTAC	+
M11	MA0462.2	-2	0.00847963	7.13137	0.197755	11	ACGATGACTTAACTTT	TATGACTCATA	+
M11	MA1520.1	0	0.00870383	7.31992	0.197755	15	ACGATGACTTAACTTT	ATGCTGAGTCAGCAA	+
M11	MA1137.1	-1	0.00891159	7.49465	0.199583	13	ACGATGACTTAACTTT	TGATGACTCATAC	+
M11	MA1466.1	-1	0.00958392	8.06008	0.205318	14	ACGATGACTTAACTTT	TGATGACGTGGCAG	+
M11	MA0029.1	-1	0.00958392	8.06008	0.205318	14	ACGATGACTTAACTTT	TGTTATCTTATCTT	-
M11	MA1502.1	0	0.0097613	8.20925	0.205318	8	ACGATGACTTAACTTT	GCAATTAC	+
M11	MA0591.1	0	0.00978932	8.23281	0.205318	15	ACGATGACTTAACTTT	AGGATGACTCAGCAC	+
M11	MA0477.2	-1	0.0106972	8.99636	0.217378	13	ACGATGACTTAACTTT	TGATGACTCATCC	+
M11	MA0476.1	-2	0.0110339	9.27954	0.217378	11	ACGATGACTTAACTTT	AATGAGTCACA	-
M11	MA0831.3	-3	0.0112779	9.48473	0.217378	10	ACGATGACTTAACTTT	GTCACGTGAC	+
M11	MA0680.2	1	0.0116474	9.79546	0.217378	14	ACGATGACTTAACTTT	ATTAATCAATTATTT	+
M11	MA1636.1	2	0.0116474	9.79546	0.217378	13	ACGATGACTTAACTTT	AAATGATGCAATCAT	+
M12	MA0700.2	0	0.000498316	0.419084	0.838168	11	ATACAATTATATATAG	AACCAATTAAT	+
M12	MA1978.1	5	0.00160931	1.35343	0.947736	16	ATACAATTATATATAG	AATTAGTCCATTTATATTTAT	-
M12	MA0602.1	-3	0.00169037	1.4216	0.947736	13	ATACAATTATATATAG	CTAATATTGCTAAA	+
M12	MA0681.2	0	0.00362465	3.04833	0.963788	16	ATACAATTATATATAG	ATATAATTTGATTAAA	-
M12	MA0680.2	3	0.00414028	3.48197	0.963788	12	ATACAATTATATATAG	ATTAATCAATTATTT	+
M12	MA0901.2	0	0.0044924	3.77811	0.963788	14	ATACAATTATATATAG	AACCAATAAAATTT	+
M12	MA1639.1	-4	0.00525962	4.42334	0.963788	12	ATACAATTATATATAG	AATGATTGATGAC	-
M12	MA0898.1	2	0.00559741	4.70742	0.963788	15	ATACAATTATATATAG	ACAAGCAATTAAAGAAT	+
M12	MA0707.2	-2	0.00651574	5.47974	0.963788	8	ATACAATTATATATAG	GTAATTAT	+
M12	MA1113.2	-4	0.00766778	6.4486	0.963788	12	ATACAATTATATATAG	AATGATTTATGAC	-
M12	MA0143.4	0	0.00779449	6.55516	0.963788	11	ATACAATTATATATAG	AAACAATGGAA	+
M12	MA0052.4	0	0.00901515	7.58174	0.990805	15	ATACAATTATATATAG	TTTCTATTTTTAGAA	-
M12	MA1476.2	0	0.00942502	7.92644	0.990805	12	ATACAATTATATATAG	AAGCAATTAGCA	+
M12	MA0885.2	0	0.0113261	9.52523	1	12	ATACAATTATATATAG	AAGCAATTAGCA	+
M12	MA0679.2	0	0.0117589	9.88927	1	16	ATACAATTATATATAG	AAAAAATCAATAAATA	+
M12	MA0897.1	2	0.0118212	9.9416	1	15	ATACAATTATATATAG	ACAAGCAATTAAAGAAT	+
M13	MA0679.2	1	0.000161038	0.135433	0.156517	15	AAAAAAAAATAAAAAA	AAAAAATCAATAAATA	+
M13	MA1125.1	-2	0.000318586	0.267931	0.156517	12	AAAAAAAAATAAAAAA	TTTAAAAAAAAA	+
M13	MA0757.1	-3	0.00044074	0.370663	0.156517	13	AAAAAAAAATAAAAAA	AAAAAATCAATAAT	+
M13	MA0052.4	0	0.000552572	0.464713	0.156517	15	AAAAAAAAATAAAAAA	TTCTAAAAATAGAAA	+
M13	MA1152.1	-2	0.000557328	0.468712	0.156517	10	AAAAAAAAATAAAAAA	AAAACAATAG	-
M13	MA0041.2	-1	0.000561881	0.472542	0.156517	15	AAAAAAAAATAAAAAA	AAAGTAAATAAACAAT	+
M13	MA0078.2	0	0.000905796	0.761775	0.213461	14	AAAAAAAAATAAAAAA	AAAGAACAATGGAA	+
M13	MA1970.1	-4	0.00107389	0.903142	0.213461	12	AAAAAAAAATAAAAAA	AAAGATAAGATA	-
M13	MA0465.2	-3	0.00114946	0.966692	0.213461	12	AAAAAAAAATAAAAAA	AAGCAATAAAAA	+
M13	MA1623.1	0	0.00165998	1.39605	0.277442	13	AAAAAAAAATAAAAAA	AGAAACAGAAACT	+
M13	MA0901.2	-3	0.00214564	1.80448	0.288343	13	AAAAAAAAATAAAAAA	AACCAATAAAATTT	+
M13	MA1989.1	-1	0.00227721	1.91513	0.288343	14	AAAAAAAAATAAAAAA	AAAAACCACAAGAA	+
M13	MA0497.1	1	0.00240833	2.02541	0.288343	14	AAAAAAAAATAAAAAA	ATGCTAAAAATAGAA	+
M13	MA1104.2	-4	0.00241528	2.03125	0.288343	12	AAAAAAAAATAAAAAA	AAAGATAAGATAA	-
M13	MA0040.1	0	0.0032066	2.69675	0.340705	11	AAAAAAAAATAAAAAA	AATAAACAATA	-
M13	MA0851.1	-3	0.00326159	2.74299	0.340705	13	AAAAAAAAATAAAAAA	AAAAAGTAAACAAACCC	+
M13	MA1978.1	2	0.0037839	3.18226	0.372014	16	AAAAAAAAATAAAAAA	ATAAATATAAATGGACTAATT	+
M13	MA0029.1	0	0.00431397	3.62805	0.396347	14	AAAAAAAAATAAAAAA	AAGATAAGATAATA	+
M13	MA0036.3	-4	0.00468897	3.94342	0.396347	11	AAAAAAAAATAAAAAA	AAAGATAAGAA	-
M13	MA0650.3	-3	0.00503263	4.23244	0.396347	12	AAAAAAAAATAAAAAA	AGCCAATAAAAA	+
M13	MA0897.1	0	0.00533485	4.48661	0.396347	16	AAAAAAAAATAAAAAA	ACAAGCAATTAAAGAAT	+
M13	MA0898.1	0	0.00533485	4.48661	0.396347	16	AAAAAAAAATAAAAAA	ACAAGCAATTAAAGAAT	+
M13	MA0442.2	-1	0.00564571	4.74805	0.396347	11	AAAAAAAAATAAAAAA	AAAACAAAGAA	+
M13	MA0909.3	-4	0.00569138	4.78645	0.396347	10	AAAAAAAAATAAAAAA	ACCAATAAAA	+
M13	MA0143.4	-3	0.0067843	5.70559	0.453559	11	AAAAAAAAATAAAAAA	AAACAATGGAA	+
M13	MA0037.4	-4	0.00805188	6.77163	0.505288	12	AAAAAAAAATAAAAAA	ACAGATAAGAAA	-
M13	MA1616.1	0	0.0081627	6.86483	0.505288	15	AAAAAAAAATAAAAAA	AGGAAAACCTGGAGC	+
M13	MA0773.1	-1	0.00852685	7.17108	0.508979	12	AAAAAAAAATAAAAAA	ACTATAAATAGA	+
M13	MA0046.2	0	0.00956029	8.04021	0.550988	15	AAAAAAAAATAAAAAA	AGTTAATGATTAACT	+
M13	MA0593.1	-2	0.0109773	9.2319	0.611566	11	AAAAAAAAATAAAAAA	AAGTAAACAAA	+
M14	MA1972.1	-2	0.000318975	0.268258	0.279438	14	CGGCAGGGCCAGCACT	GGAGGCACTGGAATG	+
M14	MA1631.1	1	0.000332269	0.279438	0.279438	12	CGGCAGGGCCAGCACT	GGGGCAGGTGCTG	-
M14	MA0659.3	0	0.0015359	1.29169	0.861128	15	CGGCAGGGCCAGCACT	CTGCTGAGTCAGCAC	-
M14	MA0597.2	0	0.00415993	3.4985	0.879997	12	CGGCAGGGCCAGCACT	GCGCAGGGCAGG	+
M14	MA0830.2	1	0.00444774	3.74055	0.879997	12	CGGCAGGGCCAGCACT	GGGGCAGGTGCCG	-
M14	MA1513.1	2	0.00505285	4.24944	0.879997	9	CGGCAGGGCCAGCACT	GGGGGCGGGGC	-
M14	MA1981.1	4	0.00606356	5.09946	0.879997	14	CGGCAGGGCCAGCACT	GAAAGGAAAGGGGCGGGA	+
M14	MA0599.1	1	0.0071032	5.97379	0.879997	9	CGGCAGGGCCAGCACT	GGGGCGGGGC	-
M14	MA1929.1	0	0.00789186	6.63705	0.879997	16	CGGCAGGGCCAGCACT	CTGCAGTTCCAGCTGTGGCCACCAGGGGGCGCTA	+
M14	MA1615.1	0	0.00802027	6.74505	0.879997	13	CGGCAGGGCCAGCACT	CCCTGGGGCCAGG	+
M14	MA1587.1	1	0.0080525	6.77215	0.879997	13	CGGCAGGGCCAGCACT	TCAGGAGGTCGAGG	-
M14	MA0496.3	1	0.00934048	7.85534	0.879997	14	CGGCAGGGCCAGCACT	ATTGCTGAGTCAGCA	-
M14	MA0500.2	0	0.00973984	8.1912	0.879997	12	CGGCAGGGCCAGCACT	CAGCAGCTGCTG	-
M14	MA0861.1	-1	0.00988457	8.31292	0.879997	15	CGGCAGGGCCAGCACT	GACATGTCCAGACATGTC	-
M14	MA1558.1	-1	0.010527	8.85324	0.879997	10	CGGCAGGGCCAGCACT	GGCAGGTGCA	+
M14	MA0146.2	2	0.0106185	8.93014	0.879997	12	CGGCAGGGCCAGCACT	GGGGCCGAGGCCTG	+
M14	MA0746.2	3	0.0112802	9.48666	0.879997	10	CGGCAGGGCCAGCACT	GGTGGGCGTGGCC	-
M15	MA1971.1	-2	0.000133476	0.112253	0.223453	14	GGGGCAGGAGACTAGG	GCAACGAAACCAGG	+
M15	MA0528.2	1	0.000344588	0.289799	0.228971	11	GGGGCAGGAGACTAGG	GGGGGGAGGAGG	+
M15	MA0471.2	1	0.000410316	0.345076	0.228971	12	GGGGCAGGAGACTAGG	GGGGGCGGGAAGG	+
M15	MA1965.1	0	0.000795003	0.668598	0.332731	10	GGGGCAGGAGACTAGG	GGGGGAGGGG	-
M15	MA1531.1	0	0.00106338	0.894301	0.356043	15	GGGGCAGGAGACTAGG	GGGTCAGTAGGTCAG	+
M15	MA1999.1	0	0.00155688	1.30934	0.4344	15	GGGGCAGGAGACTAGG	GGAGATGGAGAACAG	-
M15	MA0147.3	-1	0.00224071	1.88444	0.535886	12	GGGGCAGGAGACTAGG	GGGCACGTGGCC	-
M15	MA1122.1	-1	0.00257676	2.16706	0.539223	11	GGGGCAGGAGACTAGG	GGGCGGGAAGG	+
M15	MA1630.2	0	0.00315575	2.65399	0.587009	12	GGGGCAGGAGACTAGG	GGGGGAGGGGAG	+
M15	MA0830.2	0	0.00397116	3.33974	0.662163	13	GGGGCAGGAGACTAGG	GGGGCAGGTGCCG	-
M15	MA1992.1	-1	0.00435084	3.65906	0.662163	15	GGGGCAGGAGACTAGG	AGACAGGAAGTGGGG	+
M15	MA1121.1	-2	0.00541954	4.55783	0.701184	13	GGGGCAGGAGACTAGG	GGCTGGAATGTGA	-
M15	MA1723.1	6	0.00544491	4.57917	0.701184	16	GGGGCAGGAGACTAGG	GGTGGGCAGGGAGGAAGCAGAAGG	+
M15	MA1653.1	0	0.00690381	5.80611	0.702531	12	GGGGCAGGAGACTAGG	GGGGGAGGGGGG	-
M15	MA0119.1	-1	0.00731651	6.15319	0.702531	14	GGGGCAGGAGACTAGG	TGGCACCATGCCAA	+
M15	MA0103.3	-1	0.00791727	6.65842	0.702531	11	GGGGCAGGAGACTAGG	GCGCAGGTGGG	-
M15	MA0526.4	-1	0.0088687	7.45858	0.702531	12	GGGGCAGGAGACTAGG	GGTCACGTGACC	+
M15	MA1464.1	-2	0.00887501	7.46388	0.702531	10	GGGGCAGGAGACTAGG	GGCACGTGAC	-
M15	MA1651.1	2	0.00962841	8.09749	0.702531	16	GGGGCAGGAGACTAGG	CGGAGGCAGCCATTTTGGAAC	-
M15	MA0516.3	0	0.00980089	8.24255	0.702531	9	GGGGCAGGAGACTAGG	GGGGCGGGG	+
M15	MA1714.1	1	0.0101566	8.54166	0.702531	16	GGGGCAGGAGACTAGG	AGGACTAGGAGGACAAAATGT	+
M15	MA0522.3	-1	0.0102882	8.65241	0.702531	11	GGGGCAGGAGACTAGG	GGGCAGGTGCG	-
M15	MA1987.1	-1	0.0107111	9.00804	0.702531	15	GGGGCAGGAGACTAGG	GAGCACCAAAGGGGGGAAGGG	+
M15	MA1418.1	1	0.0112933	9.49763	0.702531	16	GGGGCAGGAGACTAGG	GGGAAACGGAAACCGAAACTG	+
M15	MA0062.3	-1	0.011498	9.66983	0.702531	14	GGGGCAGGAGACTAGG	AAACAGGAAGTGGG	-
M16	MA1124.1	-2	0.00242728	2.04134	1	13	CACATACACACACACA	CATTCATTCATTC	+
M16	MA1155.1	-4	0.00455339	3.8294	1	12	CACATACACACACACA	TGCACACACTGAAAA	+
M16	MA0073.1	2	0.00466552	3.9237	1	16	CACATACACACACACA	CCCCAAACCACCCCCCCCCC	+
M16	MA1487.2	0	0.00597371	5.02389	1	14	CACATACACACACACA	CCTAAATAAACAAA	+
M16	MA1523.1	-3	0.00810102	6.81296	1	10	CACATACACACACACA	GTACACTCAC	+
M16	MA1645.1	-2	0.00964062	8.10776	1	14	CACATACACACACACA	TAACCACTCAAGAA	+
M16	MA0056.2	-2	0.0109814	9.2354	1	13	CACATACACACACACA	CAAATCCCCACTT	+
M16	MA0684.2	-3	0.0110087	9.25828	1	12	CACATACACACACACA	AAAACCTCAAAT	+
M16	MA0847.3	0	0.0110087	9.25828	1	12	CACATACACACACACA	CTTAAACAAACA	+
M17	MA1730.1	-5	0.00166295	1.39854	1	11	ACGGCAGCAGAGAGAC	AGGAGGCACAGCCGG	-
M17	MA1628.1	-2	0.0023632	1.98745	1	11	ACGGCAGCAGAGAGAC	CACAGCAGGGG	+
M17	MA0476.1	-4	0.00274953	2.31236	1	11	ACGGCAGCAGAGAGAC	AATGAGTCACA	-
M17	MA0103.3	-1	0.00296355	2.49234	1	11	ACGGCAGCAGAGAGAC	GCGCAGGTGGG	-
M17	MA2002.1	-4	0.00427883	3.59849	1	11	ACGGCAGCAGAGAGAC	GATCAGGCACT	+
M17	MA0597.2	-1	0.00434615	3.65511	1	12	ACGGCAGCAGAGAGAC	GCGCAGGGCAGG	+
M17	MA0697.2	1	0.00461439	3.8807	1	12	ACGGCAGCAGAGAGAC	CACAGCAGGAGGC	+
M17	MA0471.2	-3	0.0106506	8.95717	1	13	ACGGCAGCAGAGAGAC	GGGGGCGGGAAGG	+
M17	MA1964.1	-6	0.011206	9.42423	1	10	ACGGCAGCAGAGAGAC	TGCCAGACAG	+
M17	MA1631.1	-3	0.0113288	9.52756	1	13	ACGGCAGCAGAGAGAC	GGGGCAGGTGCTG	-
M18	MA0790.1	-1	0.00119626	1.00606	1	14	ACATTACATACACATT	CATTAATTATTCAT	-
M18	MA0791.1	1	0.00133447	1.12229	1	15	ACATTACATACACATT	CTCATTAATTATGCAT	-
M18	MA0683.1	1	0.00228436	1.92115	1	15	ACATTACATACACATT	CTCATTAATTATGCAT	-
M18	MA0041.2	0	0.00260529	2.19105	1	16	ACATTACATACACATT	AAAGTAAATAAACAAT	+
M18	MA0687.1	-4	0.00373309	3.13952	1	12	ACATTACATACACATT	TACTTCCTCTTTTT	-
M18	MA0488.1	-2	0.0045459	3.82311	1	13	ACATTACATACACATT	ATGACATCATCTT	-
M18	MA1978.1	2	0.00483238	4.06403	1	16	ACATTACATACACATT	AATTAGTCCATTTATATTTAT	-
M18	MA1963.1	-3	0.00737351	6.20112	1	13	ACATTACATACACATT	TTACTAATAACTA	+
M18	MA1607.1	2	0.00775472	6.52172	1	12	ACATTACATACACATT	TTTGTTTACATATT	-
M18	MA1594.1	8	0.00831214	6.99051	1	16	ACATTACATACACATT	AGGGGACATCACTACAGATCCCAC	+
M19	MA0056.2	0	0.00370309	3.1143	1	13	CACATACACACACATA	CAAATCCCCACTT	+
M19	MA1645.1	-2	0.00584169	4.91286	1	14	CACATACACACACATA	TAACCACTCAAGAA	+
M19	MA1963.1	-3	0.00648705	5.45561	1	13	CACATACACACACATA	TTACTAATAACTA	+
M19	MA0611.2	0	0.00795911	6.69361	1	16	CACATACACACACATA	CTGATTCAATCACTTA	+
M19	MA1523.1	-3	0.00804506	6.7659	1	10	CACATACACACACATA	GTACACTCAC	+
M19	MA0684.2	-3	0.00805878	6.77744	1	12	CACATACACACACATA	AAAACCTCAAAT	+
M19	MA1487.2	0	0.0117948	9.91942	1	14	CACATACACACACATA	CCTAAATAAACAAA	+
M20	MA0528.2	0	0.000197382	0.165998	0.331996	12	CCTGCTGCATCCTAAG	CCTCCTCCCCCC	-
M20	MA0119.1	-1	0.00240117	2.01939	1	14	CCTGCTGCATCCTAAG	TGGCACCATGCCAA	+
M20	MA1723.1	0	0.00304571	2.56144	1	16	CCTGCTGCATCCTAAG	CCTTCTGCTTCCTCCCTGCCCACC	-
M20	MA0591.1	2	0.00465462	3.91454	1	13	CCTGCTGCATCCTAAG	GTGCTGAGTCATCCT	-
M20	MA1945.1	3	0.00525452	4.41905	1	12	CCTGCTGCATCCTAAG	CCACCTGCTTCCGCC	-
M20	MA1627.1	2	0.00546298	4.59437	1	12	CCTGCTGCATCCTAAG	CCCCTCCCCCACAC	+
M20	MA1528.1	1	0.00578976	4.86919	1	16	CCTGCTGCATCCTAAG	CCTGGCACCGTGCCAAC	-
M20	MA1966.1	4	0.0065674	5.52318	1	12	CCTGCTGCATCCTAAG	CCCACCTGCTTCCGGC	-
M20	MA1615.1	1	0.00682718	5.74166	1	12	CCTGCTGCATCCTAAG	CCTGGCCCCAGGG	-
M20	MA1527.1	1	0.00773206	6.50266	1	16	CCTGCTGCATCCTAAG	GTTGGCACCGTGCCAAC	-
M20	MA1726.1	1	0.00832097	6.99794	1	13	CCTGCTGCATCCTAAG	CCCTGCAGAGCCCT	+
M20	MA1529.1	5	0.00980185	8.24335	1	13	CCTGCTGCATCCTAAG	GGGCCGCAGCTGCGTCCC	+
M21	MA1725.1	-1	0.000626909	0.527231	1	13	TCAGCAACAGCCTGTC	AGGGAACAGCATG	-
M21	MA0744.2	0	0.00174407	1.46676	1	16	TCAGCAACAGCCTGTC	AAAGCAACAGGTGGTT	+
M21	MA1992.1	-2	0.00208496	1.75345	1	14	TCAGCAACAGCCTGTC	CCCCACTTCCTGTCT	-
M21	MA1508.1	-3	0.00270153	2.27198	1	12	TCAGCAACAGCCTGTC	GAAACAGGAAGT	+
M21	MA0697.2	1	0.00432936	3.641	1	12	TCAGCAACAGCCTGTC	CACAGCAGGAGGC	+
M21	MA1947.1	-2	0.00587793	4.94334	1	13	TCAGCAACAGCCTGTC	GTAAACAGGAAGT	+
M21	MA0100.3	-2	0.00822471	6.91698	1	10	TCAGCAACAGCCTGTC	ACCAACTGTC	+
M21	MA1975.1	2	0.00840148	7.06565	1	13	TCAGCAACAGCCTGTC	ATTCATCAAGGTCCT	+
M21	MA1936.1	-2	0.00851655	7.16242	1	14	TCAGCAACAGCCTGTC	GTAAACAGGAAGTG	+
M21	MA1730.1	1	0.00937469	7.88411	1	14	TCAGCAACAGCCTGTC	AGGAGGCACAGCCGG	-
M21	MA0488.1	-5	0.00944243	7.94108	1	11	TCAGCAACAGCCTGTC	AAGATGATGTCAT	+
M21	MA0474.3	-3	0.0100731	8.47145	1	13	TCAGCAACAGCCTGTC	CCCACTTCCTGTTT	-
M21	MA0775.1	-10	0.0105669	8.8868	1	6	TCAGCAACAGCCTGTC	CCTGTCAA	-
M21	MA0500.2	-4	0.0117167	9.85372	1	12	TCAGCAACAGCCTGTC	CAGCAGCTGCTG	+
M22	MA0495.3	1	0.000137742	0.115841	0.202207	15	TGTTAACATTGTTTTA	AAGTCAGCATTTTTTT	+
M22	MA0084.1	-7	0.000347267	0.292051	0.202207	9	TGTTAACATTGTTTTA	ATTGTTTAC	-
M22	MA0152.2	2	0.000437729	0.36813	0.202207	14	TGTTAACATTGTTTTA	ATAGTTTCCATTGCTT	-
M22	MA0143.4	-3	0.000489371	0.411561	0.202207	11	TGTTAACATTGTTTTA	TTCCATTGTTT	-
M22	MA0047.3	2	0.00142036	1.19452	0.214387	9	TGTTAACATTGTTTTA	TATGTTTACAT	-
M22	MA0846.1	2	0.00142563	1.19896	0.214387	10	TGTTAACATTGTTTTA	TTTGTTTACTTA	-
M22	MA0870.1	2	0.00146834	1.23488	0.214387	13	TGTTAACATTGTTTTA	AACAATAACATTGTT	+
M22	MA0032.2	1	0.00154518	1.29949	0.214387	10	TGTTAACATTGTTTTA	ATATTTACATA	-
M22	MA0481.3	2	0.00167986	1.41276	0.214387	9	TGTTAACATTGTTTTA	TATGTTTACAT	-
M22	MA1683.1	2	0.00167986	1.41276	0.214387	9	TGTTAACATTGTTTTA	TATGTTTACAT	-
M22	MA1103.2	2	0.00182508	1.53489	0.214387	9	TGTTAACATTGTTTTA	CTTGTTTACAT	-
M22	MA1104.2	-2	0.00196451	1.65216	0.214387	13	TGTTAACATTGTTTTA	TTATCTTATCTTT	+
M22	MA1607.1	2	0.00198046	1.66557	0.214387	12	TGTTAACATTGTTTTA	TTTGTTTACATATT	-
M22	MA1603.1	-2	0.00227848	1.9162	0.214387	13	TGTTAACATTGTTTTA	GATACTTTGTATC	-
M22	MA0593.1	2	0.0023315	1.9608	0.214387	9	TGTTAACATTGTTTTA	TTTGTTTACTT	-
M22	MA1606.1	2	0.0023315	1.9608	0.214387	9	TGTTAACATTGTTTTA	TTTGTTTACAT	-
M22	MA0515.1	-5	0.00233481	1.96358	0.214387	10	TGTTAACATTGTTTTA	CCATTGTTTT	+
M22	MA1152.1	-5	0.00276979	2.32939	0.220211	10	TGTTAACATTGTTTTA	CTATTGTTTT	+
M22	MA0148.4	3	0.00287293	2.41613	0.220211	9	TGTTAACATTGTTTTA	ACATGTTTACAT	-
M22	MA0465.2	-2	0.00309734	2.60487	0.220211	12	TGTTAACATTGTTTTA	TTTTTATTGCTT	-
M22	MA0157.3	3	0.00309734	2.60487	0.220211	9	TGTTAACATTGTTTTA	TTTTGTTTACAT	-
M22	MA0480.2	2	0.0032041	2.69465	0.220211	9	TGTTAACATTGTTTTA	TCTGTTTACAT	-
M22	MA0845.1	1	0.00346413	2.91333	0.220211	10	TGTTAACATTGTTTTA	ATATTTACATA	-
M22	MA0042.2	0	0.00401466	3.37633	0.245755	7	TGTTAACATTGTTTTA	TGTTTAC	-
M22	MA0852.2	4	0.00425978	3.58247	0.251447	10	TGTTAACATTGTTTTA	GCCTTGTTTACATT	-
M22	MA0041.2	2	0.0051341	4.31778	0.282853	14	TGTTAACATTGTTTTA	ATTGTTTATTTACTTT	-
M22	MA0849.1	0	0.00552295	4.6448	0.294461	7	TGTTAACATTGTTTTA	TGTTTAC	-
M22	MA0848.1	0	0.00612834	5.15393	0.316527	7	TGTTAACATTGTTTTA	TGTTTAC	-
M22	MA0029.1	0	0.00676962	5.69325	0.320802	14	TGTTAACATTGTTTTA	TGTTATCTTATCTT	-
M22	MA0850.1	0	0.00679339	5.71324	0.320802	7	TGTTAACATTGTTTTA	TGTTTAC	-
M22	MA0077.1	-5	0.00847007	7.12333	0.3619	9	TGTTAACATTGTTTTA	CCATTGTTC	+
M22	MA0025.2	0	0.00853955	7.18176	0.3619	13	TGTTAACATTGTTTTA	ATATTGCATAATA	-
M22	MA0800.1	-1	0.00853955	7.18176	0.3619	13	TGTTAACATTGTTTTA	ATTTTCACACCTT	-
M22	MA0808.1	-5	0.00982514	8.26294	0.405973	8	TGTTAACATTGTTTTA	ACATTCCA	+
M22	MA1636.1	1	0.0111468	9.37448	0.431623	14	TGTTAACATTGTTTTA	ATGATTGCATCATTT	-
M22	MA0033.2	0	0.011225	9.4402	0.431623	7	TGTTAACATTGTTTTA	TGTTTAC	-
M22	MA0700.2	-2	0.0112293	9.44388	0.431623	11	TGTTAACATTGTTTTA	ATTAATTGGTT	-
M22	MA1489.1	1	0.011669	9.81364	0.432357	7	TGTTAACATTGTTTTA	TTGTTTAC	-
M23	MA0610.1	1	2.24043e-05	0.018842	0.0376031	10	TTGATACATTAAAAAA	ATTGATACATT	-
M23	MA1479.1	2	0.000163108	0.137174	0.136879	10	TTGATACATTAAAAAA	AATTGATACATT	+
M23	MA1707.1	2	0.000401811	0.337923	0.224799	10	TTGATACATTAAAAAA	AATTGTTACATT	+
M23	MA1478.1	2	0.000549483	0.462115	0.230562	10	TTGATACATTAAAAAA	AATTGTTACATT	+
M23	MA0043.3	0	0.000922126	0.775508	0.271504	14	TTGATACATTAAAAAA	TTGTTGCATAACAA	-
M23	MA1603.1	-2	0.00112526	0.946348	0.271504	13	TTGATACATTAAAAAA	GATACTTTGTATC	-
M23	MA1623.1	-1	0.00129412	1.08835	0.271504	13	TTGATACATTAAAAAA	AGAAACAGAAACT	+
M23	MA0030.1	-2	0.00158703	1.33469	0.295963	14	TTGATACATTAAAAAA	CAAACGTAAACAAT	+
M23	MA1978.1	3	0.00286227	2.40717	0.480401	16	TTGATACATTAAAAAA	ATAAATATAAATGGACTAATT	+
M23	MA0035.4	-3	0.00359784	3.02578	0.548962	11	TTGATACATTAAAAAA	ATAGATTAGAA	-
M23	MA1487.2	-2	0.00415589	3.49511	0.581268	14	TTGATACATTAAAAAA	CCTAAATAAACAAA	+
M23	MA0901.2	-3	0.00675748	5.68304	0.872438	13	TTGATACATTAAAAAA	AACCAATAAAATTT	+
M23	MA0465.2	-3	0.00824184	6.93138	0.905153	12	TTGATACATTAAAAAA	AAGCAATAAAAA	+
M23	MA0025.2	0	0.00843266	7.09187	0.905153	13	TTGATACATTAAAAAA	ATATTGCATAATA	-
M23	MA1943.1	2	0.00974944	8.19928	0.905153	13	TTGATACATTAAAAAA	ACCGGAAACATAAAC	+
M23	MA1657.1	-2	0.00991101	8.33516	0.905153	12	TTGATACATTAAAAAA	GAAAGAGTTAAA	+
M23	MA1125.1	-3	0.0105322	8.85758	0.905153	12	TTGATACATTAAAAAA	TTTAAAAAAAAA	+
M23	MA0041.2	0	0.0106341	8.94331	0.905153	16	TTGATACATTAAAAAA	AAAGTAAATAAACAAT	+
M23	MA1607.1	-2	0.010786	9.07099	0.905153	14	TTGATACATTAAAAAA	AATATGTAAACAAA	+
M24	MA0014.3	-1	0.000817251	0.687308	0.560631	12	AGGGCAGGAGGACACA	GAGCGTGACCCC	+
M24	MA0528.2	1	0.00194405	1.63495	0.560631	11	AGGGCAGGAGGACACA	GGGGGGAGGAGG	+
M24	MA1631.1	0	0.00243533	2.04812	0.560631	13	AGGGCAGGAGGACACA	GGGGCAGGTGCTG	-
M24	MA1714.1	1	0.00246297	2.07136	0.560631	16	AGGGCAGGAGGACACA	AGGACTAGGAGGACAAAATGT	+
M24	MA0066.1	2	0.00256914	2.16065	0.560631	16	AGGGCAGGAGGACACA	GTAGGTCACGGTGACCTACT	+
M24	MA0506.2	0	0.00266816	2.24393	0.560631	15	AGGGCAGGAGGACACA	CGCGCAGGCGCAGGC	-
M24	MA1990.1	-4	0.00288824	2.42901	0.560631	12	AGGGCAGGAGGACACA	CGAGACCACCCAGG	+
M24	MA1133.1	-4	0.00292941	2.46363	0.560631	12	AGGGCAGGAGGACACA	AATGACGTCACA	-
M24	MA0258.2	0	0.00300626	2.52826	0.560631	15	AGGGCAGGAGGACACA	AGGTCAGGGTGACCT	-
M24	MA0147.3	-1	0.00334706	2.81488	0.561768	12	AGGGCAGGAGGACACA	GGGCACGTGGCC	-
M24	MA0697.2	1	0.00431294	3.62718	0.643936	12	AGGGCAGGAGGACACA	CACAGCAGGAGGC	+
M24	MA1522.1	-1	0.00460395	3.87192	0.643936	11	AGGGCAGGAGGACACA	GGGGAGGGGCG	-
M24	MA0814.2	-1	0.00666207	5.6028	0.657373	14	AGGGCAGGAGGACACA	GGGCCTGAGGCGGG	+
M24	MA1969.1	6	0.0067546	5.68062	0.657373	16	AGGGCAGGAGGACACA	GGAGAGGTCACATGAGGACACAGG	-
M24	MA1728.1	1	0.00678081	5.70266	0.657373	11	AGGGCAGGAGGACACA	CTGGGCAGCAGC	-
M24	MA1648.1	-1	0.00690855	5.81009	0.657373	11	AGGGCAGGAGGACACA	CGGCAGGTGCG	-
M24	MA1558.1	-2	0.00712074	5.98854	0.657373	10	AGGGCAGGAGGACACA	GGCAGGTGCA	+
M24	MA1559.1	-2	0.00712074	5.98854	0.657373	10	AGGGCAGGAGGACACA	AACAGGTGCA	+
M24	MA0830.2	0	0.0074417	6.25847	0.657373	13	AGGGCAGGAGGACACA	GGGGCAGGTGCCG	-
M24	MA0734.3	-5	0.00789374	6.63864	0.66244	11	AGGGCAGGAGGACACA	GAGACCACCCAGG	+
M24	MA1653.1	0	0.00867887	7.29893	0.693645	12	AGGGCAGGAGGACACA	GGGGGAGGGGGG	-
M24	MA0478.1	-6	0.00957374	8.05152	0.730386	10	AGGGCAGGAGGACACA	GGATGACTCAT	+
M24	MA1470.1	0	0.0115347	9.70068	0.832148	16	AGGGCAGGAGGACACA	AAAGCATGACGTCATGATTT	+
M25	MA1580.1	-2	9.1858e-05	0.0772526	0.154505	10	TATGTACTTTATTACT	TGTACAGTAT	+
M25	MA1534.1	-1	0.000234108	0.196885	0.196885	9	TATGTACTTTATTACT	ATGAACTTT	+
M25	MA0040.1	0	0.00165067	1.38822	0.925477	11	TATGTACTTTATTACT	AATAAACAATA	-
M25	MA0041.2	0	0.00455785	3.83315	1	16	TATGTACTTTATTACT	AAAGTAAATAAACAAT	+
M25	MA0693.3	0	0.00465377	3.91382	1	11	TATGTACTTTATTACT	TATGAACTCAG	-
M25	MA1960.1	-5	0.00483315	4.06468	1	11	TATGTACTTTATTACT	TCATTAACACCT	-
M25	MA0102.4	2	0.00709551	5.96733	1	12	TATGTACTTTATTACT	TTATTGCACAATAT	+
M25	MA0141.3	0	0.00757187	6.36794	1	11	TATGTACTTTATTACT	TATGACCTTGA	-
M25	MA0786.1	1	0.00765919	6.44138	1	11	TATGTACTTTATTACT	TTATGCAAATTA	+
M25	MA0046.2	-2	0.009612	8.08369	1	14	TATGTACTTTATTACT	AGTTAATCATTAACT	-
M25	MA0681.2	-1	0.00982342	8.2615	1	15	TATGTACTTTATTACT	ATATAATTTGATTAAA	-
M25	MA1111.1	0	0.00990602	8.33096	1	11	TATGTACTTTATTACT	TTTGACCTTTG	-
M25	MA0836.2	1	0.0113669	9.55955	1	12	TATGTACTTTATTACT	TATTGCACAATAT	+
M26	MA1974.1	2	0.000588591	0.495005	0.990011	13	CAAATACAACAATCTC	AATATATACCATATA	+
M26	MA0684.2	-2	0.00330046	2.77569	1	12	CAAATACAACAATCTC	AAAACCTCAAAT	+
M26	MA0488.1	-2	0.00344216	2.89485	1	13	CAAATACAACAATCTC	ATGACATCATCTT	-
M26	MA0879.2	1	0.00348729	2.93281	1	7	CAAATACAACAATCTC	GCAATTAC	+
M26	MA0881.1	1	0.00613391	5.15862	1	7	CAAATACAACAATCTC	CCAATTAC	+
M26	MA0882.1	1	0.00733934	6.17238	1	7	CAAATACAACAATCTC	CCAATTAC	+
M26	MA1718.1	5	0.00741101	6.23266	1	15	CAAATACAACAATCTC	GTATGGATATACCACATTTT	+
M26	MA0102.4	-1	0.00764341	6.42811	1	14	CAAATACAACAATCTC	TTATTGCACAATAT	+
M26	MA0135.1	-1	0.0100057	8.41476	1	13	CAAATACAACAATCTC	AAATTAATTAATC	+
M26	MA0846.1	-1	0.0106719	8.97508	1	12	CAAATACAACAATCTC	TAAGTAAACAAA	+
M26	MA1479.1	-1	0.0106719	8.97508	1	12	CAAATACAACAATCTC	AATTGATACATT	+
M26	MA0880.1	1	0.0113439	9.54026	1	7	CAAATACAACAATCTC	CCAATTAC	+
M27	MA0631.1	2	0.000699806	0.588537	1	15	TTGTATCACACTATCT	ATTAGTGATACCCTATC	-
M27	MA0102.4	0	0.00222918	1.87474	1	14	TTGTATCACACTATCT	TTATTGCACAATAT	+
M27	MA1928.1	-1	0.00262786	2.21003	1	12	TTGTATCACACTATCT	TATGACTCACAA	-
M27	MA0681.2	0	0.00346069	2.91044	1	16	TTGTATCACACTATCT	TTTAATCAAATTATAT	+
M27	MA0690.2	-3	0.00381476	3.20821	1	11	TTGTATCACACTATCT	TTTCACACCTT	+
M27	MA0800.1	-1	0.00396812	3.33719	1	13	TTGTATCACACTATCT	ATTTTCACACCTT	-
M27	MA0688.1	-3	0.00439308	3.69458	1	11	TTGTATCACACTATCT	TTTCACACCTT	-
M27	MA0596.1	-4	0.00536953	4.51578	1	10	TTGTATCACACTATCT	ATCACCCCAT	-
M27	MA0836.2	-1	0.00544307	4.57763	1	13	TTGTATCACACTATCT	TATTGCACAATAT	+
M27	MA1603.1	-2	0.00740524	6.22781	1	13	TTGTATCACACTATCT	GATACAAAGTATC	+
M27	MA0032.2	-3	0.00866799	7.28978	1	11	TTGTATCACACTATCT	TATGTAAATAT	+
M27	MA0490.2	0	0.00887388	7.46294	1	13	TTGTATCACACTATCT	AAATGACTCATTT	+
M27	MA0845.1	-3	0.00987909	8.30832	1	11	TTGTATCACACTATCT	TATGTAAATAT	+
M27	MA1566.2	-3	0.0105406	8.86466	1	11	TTGTATCACACTATCT	TTTCACACCTT	-
M27	MA0491.2	0	0.0112477	9.45936	1	13	TTGTATCACACTATCT	TGATGACTCATCC	+
M28	MA0528.2	1	0.00336355	2.82875	1	11	GAGCGAGTACCCTTTC	GGGGGGAGGAGG	+
M28	MA0147.3	0	0.0117411	9.8743	1	12	GAGCGAGTACCCTTTC	GGGCACGTGGCC	-